0.00028253021939061984	0.6686096366213132	0.41066030296224243
0.000799600741659301	0.8954156909434536	0.07537377733712047
0.0009172281100571222	0.628287726377865	0.5895493544639971
0.0009234568945273303	0.23033103756030382	0.6676393199622297
0.0010064265603373923	0.32747643417771133	0.9336592131564252
0.0014953817976672834	0.9247721415592495	0.7855620465302601
0.00162724859327823	0.7352003449803193	0.9772222447631325
0.001827165271255149	0.6216909315665593	0.44731149831697237
0.00220540865338803	0.3125572725338538	0.18894075291824775
0.0028370880946963495	0.9468553663577575	0.4777548689408764
0.004141150208801292	0.5876235357119161	0.8186815369835735
0.004441887649883014	0.1804201176478668	0.580957551576959
0.004716830551927342	0.6000713704049222	0.7896777343827287
0.0051015169523278	0.8661754102680997	0.2783444746728164
0.005857409817965009	0.30847342278549816	0.7582955133095534
0.005938845804143167	0.6832225342724563	0.7261262237533946
0.006748471049841165	0.5790803013383956	0.26923302938731997
0.007076124269083994	0.31531750464912234	0.5223891037277687
0.007789322480329597	0.7238687800386534	0.5693938057568241
0.007921811753746899	0.8817952101384193	0.3018312711483464
0.008004802644210218	0.6235579263727213	0.23789915550162088
0.008333007180206742	0.6321595684679392	0.4580325704425726
0.010124222769067881	0.9599069706001486	0.3878209789692867
0.010272432699707346	0.005996569850471034	0.3266987825268197
0.010747463353739606	0.5075970132347739	0.5539090941191226
0.011410686510363421	0.19203472799270782	0.8553167519883063
0.011915779734720466	0.14273963819660085	0.17950550100080676
0.012050059184022854	0.6935907268743142	0.9584088056161008
0.012160570237874091	0.5121382162270863	0.36029604163008566
0.012180694310786278	0.5402801856305111	0.20108025710277866
0.012894420437892906	0.6793991267311922	0.9802521632605039
0.012976666296258987	0.7512714204240467	0.1649461935246641
0.013514335448066461	0.9835900386742766	0.6960794361002497
0.014004833302873942	0.5602436218043839	0.5036826066300766
0.01465902888540177	0.9813245331405165	0.5157539619641003
0.0147442884266617	0.5255074417392829	0.4197289185432661
0.015020425260367287	0.8910599530898341	0.7129962627235111
0.0155854939772469	0.21792130120465236	0.8743120759837867
0.015671672461769315	0.06347676083514286	0.6492362515938238
0.01642081064859985	0.26058356626239654	0.2915870983591521
0.016742126443521743	0.6779784689703279	0.9849872121844685
0.01747093184000098	0.6251831849541001	0.05999981734735793
0.01753809703825715	0.6142802517802335	0.4825877136926575
0.01867988033196888	0.016157935753659758	0.7450152828689909
0.01905993720718896	0.9892705654367161	0.7774023333378351
0.021107060211873252	0.31741639180750303	0.7731570219773924
0.021671462577575462	0.3656808894032877	0.3898503812517874
0.022500530340569258	0.7693836305766507	0.9130431577128538
0.022513920069426097	0.04464678207642392	0.19249362227678413
0.023231236433903235	0.26766282788144036	0.06839137963267217
0.024576499409258545	0.048321280948505296	0.8319554491638365
0.024888132003551222	0.7147230397307974	0.8954179361535354
0.02516369690611947	0.576826357662822	0.21810555749342553
0.025336851782431224	0.9963427077361424	0.8849708866337525
0.025665533883951375	0.8345071593447689	0.5489535402352644
0.026137271305112564	0.5175833304411478	0.16595928172640118
0.026213435398658003	0.13894248033562207	0.035922904646823905
0.026283741293434026	0.7495584004250362	0.5995530037520432
0.026754858010312133	0.4659764645372665	0.284365530252243
0.027515645729909166	0.21122306775746114	0.605970498238305
0.02758321521138679	0.9805620404012211	0.5729967556546092
0.027698262796539974	0.9336858409129069	0.7292943428605314
0.027777763207103068	0.20264106719680797	0.1939000554206004
0.028242116542350315	0.960765748114217	0.6626802939358573
0.028334364078204166	0.8602572776028616	0.5890978947125963
0.028539343055214828	0.4210327648884761	0.05690582422859414
0.029473319912548646	0.09952282201008256	0.5066639644495932
0.029517054284318334	0.8276686570662513	0.06241324416638594
0.030131175535720922	0.02405650396671377	0.013678240054436519
0.03035936119605176	0.03665022084775871	0.8954369644508736
0.03065947409877967	0.056019182341516816	0.058080213164300565
0.030683625862587216	0.5077148716715977	0.31771525909271103
0.03152385656678908	0.08911357020511912	0.6221635954029923
0.0315387418366333	0.05520044619627085	0.1936875985614014
0.03270068655188957	0.01685197033499164	0.9859529696649436
0.03383067681030927	0.7567943889393509	0.8923435936306182
0.03426979768453342	0.46895592033381206	0.8342627308543834
0.03430054081843953	0.7878367713489342	0.2573220381082312
0.034350969243101825	0.9518984065630738	0.5478669466720424
0.035625639146525556	0.1317439050790501	0.6034290394313492
0.03728201111149432	0.6301051893570693	0.39619951138187737
0.0378551166911254	0.5270203658058397	0.6423573555528487
0.038859233996770215	0.5288111699247826	0.6835001187765275
0.03887686760116693	0.6722735032607327	0.8719952805983479
0.03909634833691872	0.8153128467350366	0.1724315689126844
0.040084137967093925	0.4932247903132684	0.2704696043012811
0.04128469233578935	0.9619974256999403	0.0034488450809139204
0.04304870323113125	0.4283354934991406	0.9145893143694062
0.04327560313237111	0.8560347314228148	0.3169997360937974
0.04416029820269274	0.07878078410482836	0.5300613912164321
0.044302277687295055	0.7905774098853958	0.6806975600080879
0.04452606260204761	0.5499472940874217	0.895662122453379
0.044551531495576835	0.3629139253241831	0.9419556556062884
0.044972364021051925	0.4704330367249181	0.44572120531943427
0.04522249017688296	0.8397471781306033	0.15905836174612453
0.0453335244788472	0.6026263869369501	0.16386965233563955
0.045902663299860536	0.13110534515308536	0.6388400691537873
0.04626226630432334	0.8355432147708836	0.13448666360525097
0.04646033017432327	0.2904647187099849	0.6131066153736929
0.04668857210000388	0.16472587818864337	0.764472261539859
0.046731413230228724	0.13931855719235764	0.7466128978195405
0.0467745869530396	0.5345876911634514	0.1333535877249873
0.04735565141461495	0.8568546342902471	0.832336213712337
0.04784505529326505	0.8505644040459341	0.3038902559474693
0.0507441282976262	0.8325958242150585	0.05018712589106811
0.05097103807629949	0.5753761954315074	0.963597872975718
0.051224572546054614	0.2667194760807302	0.7082225481876415
0.051355783656301945	0.2719596907815459	0.5170240254190415
0.05147899454393834	0.3842877726706868	0.17772405809742475
0.05339998541054858	0.21019161126297048	0.03510115289217042
0.05380150236879516	0.2670593711458453	0.65580469722026
0.05502989482165066	0.41593088131948297	0.26141051103521207
0.05505295218113798	0.8752288740508267	0.6332052923510378
0.055247536359195215	0.5395509178834242	0.7361639326128631
0.05560316167288981	0.43859286851717416	0.7052498154406149
0.05560712257170447	0.15780223006496075	0.9861112357071143
0.055891025169651165	0.8402698267642791	0.8021670069260581
0.056864145536966226	0.8530446793787221	0.06594633625331903
0.0569773748912189	0.6660121302832805	0.03146787009005969
0.057969824325658725	0.4655608649087041	0.8484665585182879
0.05873523662446689	0.014136063603353843	0.6695541314039589
0.05932934964460573	0.7094708971102763	0.10892924629558454
0.059477905266971276	0.06111456237464896	0.020644453990242506
0.061327129179547135	0.20821583406261102	0.5835735867040381
0.061448276053442275	0.8703552204436918	0.7646511832874832
0.06148556560694629	0.05114019674195103	0.9952578992055774
0.06318288065876881	0.26380394363044335	0.09476943484022504
0.06459994220505622	0.6579485818367081	0.41901748406408734
0.06500675286205304	0.8908795899049508	0.7593920378154957
0.06515430148829632	0.4945244747230607	0.6576489228388471
0.06561336128230255	0.6960810112476283	0.04179639530931201
0.06638122831693183	0.6386647673343725	0.47626319874776635
0.06770526445526082	0.9879502582039515	0.8699099186468794
0.06823171109442439	0.29583332200618995	0.7778900384252387
0.06867142041338065	0.7330182989296248	0.05823815461599269
0.06886821048734482	0.7778545542375871	0.0884064384230755
0.06918390764577559	0.10742149437793236	0.885080612892315
0.06928693442492495	0.6894678312763802	0.4840182730951824
0.06958986986977894	0.8836502574441126	0.11996252639917748
0.0702735831386882	0.8155543952503866	0.5343165796020783
0.07034003728680893	0.22958967062882196	0.30011361417105675
0.070458424589735	0.9202398241974198	0.6103277426376935
0.07060704033780235	0.16475156249802814	0.48895904168409343
0.07194358949182467	0.2808350221053769	0.979052128026613
0.07241560678752967	0.6257779661312642	0.3886133122171225
0.07303003584787648	0.07521543975708134	0.5557824548418385
0.07423278681427131	0.5932508853717924	0.10191571015930678
0.07436851943510214	0.46269802149851913	0.5930151848932724
0.07475943791107797	0.5866823279657927	0.68008732517958
0.07511371463555672	0.03829040455464283	0.6786758930207265
0.07589521181003112	0.1550606826718759	0.4935874797361194
0.07687996942095754	0.5785641673552765	0.3651763120571532
0.07693971178044284	0.1904369513838412	0.8311631912535968
0.07747494990079784	0.03398430590978907	0.382422983305718
0.0786547043722276	0.9966127557401412	0.09312761913758938
0.07867804076551821	0.47852739043879555	0.36091982521320565
0.07890838882522822	0.6773380712502176	0.19203980929320674
0.07900627446259223	0.6809649292555799	0.3221373632548804
0.07936593854837604	0.8540794220727658	0.9644510068939101
0.07984056424531061	0.8096091436805668	0.5595230554160259
0.08015085243127212	0.37673834394995975	0.8594973352744658
0.08048947876200091	0.3162884296786129	0.23509156776062423
0.08066745546352472	0.8318519094281718	0.6446897470626818
0.08154559521082777	0.08830408672688295	0.3256730104770521
0.08213287446401246	0.07677190089589658	0.423863746766139
0.08216990020065112	0.6980853394909183	0.7037203777511905
0.08411998723385411	0.3990273614504125	0.5520808115174708
0.08662270163156094	0.19553090609725032	0.42680590048483513
0.08668737115906167	0.8634023210544368	0.19998848886671294
0.0886758013935614	0.7956658984246359	0.24408730333025863
0.08918811355209555	0.30054351033755566	0.46983048755274204
0.08940839914288601	0.06187245155363652	0.3000214702273202
0.08952275395494863	0.08733403640732995	0.5292987505572864
0.08980350124635572	0.9703492915443003	0.3069171984732465
0.08989207578679925	0.07875871264187484	0.40349418382238966
0.09137580326465844	0.2918237110676546	0.7142917914611954
0.09144450707734453	0.1980621980287307	0.2643687716239753
0.09189443236277528	0.07200632257058237	0.8432992583148177
0.09251558030012513	0.3825735231446329	0.41101449918451616
0.09257389473011207	0.42227707868632003	0.4755261356305023
0.09272300356656599	0.0638976645776187	0.3785093928767935
0.09283739200861141	0.784054878097518	0.47993520021036395
0.09343455590384042	0.3628651469416241	0.4153707831605772
0.09396925083890911	0.8280127081319213	0.5079482661882788
0.09450095897398098	0.9213697487478225	0.10698675924985435
0.09490780032438745	0.5001001501919279	0.673500014566516
0.09546687607275811	0.2589894828213102	0.2412445310011554
0.09578170045932366	0.8634536070283492	0.15183995111484272
0.09580259928929563	0.2924946342404734	0.9535200149823508
0.09671747368324374	0.5318437792204919	0.3287303327500808
0.09675214549167632	0.31798039992676463	0.16980581320564525
0.09733720659985995	0.45518055592009243	0.1560982080096125
0.09737735005290499	0.7651180696861294	0.6924287595480523
0.09768272102623438	0.5468542538926048	0.11005600594998555
0.09800158447659169	0.5726649097490403	0.5728584639489562
0.0980532108460841	0.8965904116746604	0.4743202537558898
0.09833115038960899	0.6382598455700842	0.7998628375583129
0.0986797974743257	0.7293371627048311	0.821015217966267
0.09878311523478278	0.41656106115665625	0.5174988696948988
0.09910168505030659	0.37396770518232403	0.623468084301831
0.09964559770643489	0.4288995373701474	0.9005162416886798
0.10050555871900269	0.06692663266871324	0.024407804035942227
0.1005485400303835	0.6156571553558995	0.09240825914449813
0.10090818121495104	0.7638726219634482	0.15161435878140928
0.1012153940963767	0.7424019058578327	0.4301592267811496
0.10209470527506276	0.4403634716210676	0.7206297565731912
0.10229147933948485	0.9446016410811118	0.974580638122138
0.10256932750602177	0.9586857220804487	0.08071695075177654
0.10319561534451194	0.4383884596683433	0.3528625146672695
0.10528351687710841	0.05084686662970561	0.6626051001079949
0.10593701608840855	0.39226520974045664	0.6412140755479854
0.10783765369119891	0.8726369949475937	0.6297285768557561
0.1085744905675155	0.8441395293863313	0.9211806028565337
0.10950298209095738	0.45244270174727264	0.6578069766766075
0.11037653657836899	0.030975239258811738	0.00043523519763699614
0.11059942921958615	0.059390996106085225	0.40623271746717704
0.1106681133886368	0.3882802684233556	0.3215591422859051
0.11167622731092192	0.32623042076856434	0.8634767889347728
0.11256334733122486	0.7575711225928675	0.6825778210168133
0.11352769462508167	0.39909422331813393	0.23545342268299485
0.11447305678211062	0.8699899600894032	0.36189304265444733
0.1145009694988462	0.6947183038556904	0.5355164145155589
0.11615618403051159	0.2711831835184164	0.8488380308379961
0.11827106957177919	0.2346334065833644	0.3940447199372795
0.11837559707600182	0.5578327872107414	0.011925915562785439
0.11947521564664848	0.5575541763263876	0.9763221258999311
0.11980083768580657	0.8007272666972762	0.91680961478588
0.12019538192915524	0.2671266954147036	0.3211146879146267
0.1210155571545472	0.11304672651839942	0.9275382802933921
0.12135812294180442	0.27283202901085357	0.10662048624943643
0.12141906397498214	0.8099452929141654	0.3848215324869094
0.1214272761782248	0.5833426869018054	0.3800056382603749
0.12156305413546115	0.31739029495559823	0.08584091797029902
0.1221869266541808	0.4267178949042656	0.7796547765060787
0.12219420123489039	0.22808411919226856	0.862183638930994
0.1222958210735492	0.32370557260331123	0.9188118586048631
0.1226902638480798	0.12522089930711355	0.23489727233350732
0.123134129908966	0.9192618940542432	0.03959565710748758
0.12324346816380155	0.4974347767208738	0.48944216670509777
0.12366528483457884	0.021764379796403444	0.400586069500655
0.12385748724518753	0.2146262826972647	0.8037009780685045
0.12419404446292354	0.6241146977201648	0.35143398112552116
0.12434576147532034	0.2794633180325078	0.7195878963027086
0.12462531769894392	0.03971364092019802	0.9993176402658058
0.12477574392510249	0.9175273812075895	0.40857336525893007
0.1250040459741077	0.2743371186940724	0.22193317475790053
0.12513673248113538	0.0815526743971492	0.9895367291477052
0.1253362547501919	0.5006388484132045	0.12443127599117842
0.12759853576723745	0.5377665505973084	0.7753937371114363
0.12903447950998553	0.6221567336864108	0.6097438249388729
0.12904449508552457	0.5618671473520477	0.24869998008255811
0.12917874250889094	0.3753461562874597	0.896104566126983
0.12933434025733742	0.2558680400194101	0.3522944816587654
0.1294889567071547	0.2892272756343418	0.11193567553562267
0.12949378952431256	0.2995441362170901	0.9182568336674065
0.12963722198575167	0.3250602293885877	0.5930579935059046
0.13068926375324397	0.0920778306575517	0.31093529739304937
0.1330592627360523	0.029147235748452904	0.15771181792826428
0.133228814710379	0.670788812725816	0.975591123056328
0.13329319085261354	0.6194608056972416	0.8348729226988488
0.13372035546486605	0.2957815158975525	0.8751992230947436
0.13485524873032578	0.9829775529767696	0.7779168420213669
0.13500390925304495	0.7486172816198259	0.3613950954612637
0.13509132055689455	0.9297667153114505	0.02595691933073696
0.13514868233697958	0.38456847951896256	0.5972450180206581
0.1358962286651379	0.7287859177014486	0.30436177409212684
0.13628439619545824	0.735327534821515	0.44093080115654415
0.13629715056957098	0.1066914444197703	0.7395047151451187
0.1363868104288739	0.4141619570609425	0.8485183677550591
0.13687924286469583	0.032550659046119756	0.28427457012963564
0.13698793768952133	0.9042932583081915	0.49108795961712304
0.137862516343093	0.49794236173067496	0.26883683097656363
0.13802996884778795	0.9618502808116456	0.4755361482904751
0.13818572868821904	0.6810251630557995	0.33013853122262515
0.1387861221140156	0.14355328094009023	0.30043761330568775
0.13918528012782333	0.6789195213286017	0.9372113008205696
0.1403639106357093	0.17987129400000146	0.4840130821266133
0.14037544930611934	0.17008253319183186	0.3337981747163036
0.14059278760874344	0.20588523940321368	0.6963871942234228
0.14100139778298432	0.15606638770741277	0.4556236510083367
0.14138943984221436	0.308640860927883	0.19781553771981508
0.1430878707017858	0.8475282267818579	0.5947028263797016
0.14450242149123754	0.7469244685314765	0.7866704869970257
0.14470068403714065	0.36100670549904523	0.3237958905127791
0.14594968732230723	0.45938331960976764	0.6488951630611951
0.14659647965113537	0.12239658303693046	0.6490537973995614
0.14834819096957036	0.6410349247669006	0.6494766643021262
0.14907805256185858	0.0314044095393643	0.23569732341262573
0.14943525553786646	0.4596995501101876	0.08635330698738863
0.15041447263012175	0.747147530012472	0.6466715876991393
0.1505003006850385	0.5452786213009746	0.8343014625577201
0.1505672277124031	0.22340720321518692	0.36851614266275723
0.15108359868359833	0.5441803443815465	0.9255809454885735
0.15125249741874697	0.8015546574891571	0.5970049898855083
0.15323846517860568	0.2242915873207766	0.5493135500116539
0.1532626428611245	0.7718562732140289	0.6257962301591458
0.15351336245043828	0.28131699672551413	0.3558792347807045
0.15425275537794536	0.26428599835193456	0.949087256757381
0.15431201884341533	0.6668494957721419	0.6430664914950912
0.1543867694147294	0.05516711020834142	0.5545434898348223
0.15440657938239505	0.9087143083901372	0.2634418664847452
0.15457704710432224	0.7737209427424264	0.6161374554562213
0.15535798654946575	0.4516247590020387	0.13472824955902618
0.15564811751093477	0.2428057809259666	0.6481850533148362
0.15591666198996806	0.8648411073716361	0.3943218791937614
0.1564919206839504	0.8246441864980929	0.7101701471611166
0.1572142771664078	0.14801303779016117	0.8089879465843142
0.15788085016258707	0.7159618178190559	0.7398891389347807
0.15889841584207387	0.04634534886747821	0.8122981969430861
0.15922966304501956	0.28042157717479166	0.3076118659568171
0.15970540992283472	0.2950792515493955	0.5154801954316518
0.1606221352308277	0.8518554406928818	0.15484790946471505
0.1606592772360007	0.4729388263382759	0.2750640718353011
0.1610544307653689	0.9226852041771813	0.5898252093743089
0.16313371755582762	0.64702073323341	0.9893351230194627
0.16451758572298741	0.11415215455308036	0.46207663351842543
0.16551765619159886	0.313083177299847	0.826916197150305
0.1657318914762061	0.44729347261256147	0.14500706209043412
0.16665118096863663	0.663989516077669	0.8965294949711692
0.166782842135412	0.6101777089757355	0.25517622384760164
0.1671250392344183	0.5523984068999067	0.6893217801751677
0.16723852061425465	0.3587158419890454	0.7446756694762519
0.1686717205768094	0.9624322443924078	0.013566429066952712
0.1695871528916708	0.2842154646519961	0.980257303827723
0.16959160052947253	0.7312883532210196	0.04068853942904471
0.16969647322279524	0.5757065855917836	0.8356258313314199
0.16995491924773393	0.9870562715119786	0.9443991227898617
0.17021526467365644	0.6516871086749001	0.7662819118146809
0.17088427746456014	0.9817711416121346	0.18081760479700426
0.171064026870411	0.12134599230081644	0.9903652863744303
0.1718321397685586	0.24692490169741488	0.7833490817769724
0.1719934556384065	0.3188499651726926	0.17962624186877763
0.172521310202147	0.3803605563432306	0.34000300407553463
0.1731935738729538	0.05436104992454305	0.3707537785618933
0.1734633245664643	0.2667646969401245	0.7043496332874163
0.17347215144632844	0.679272963292396	0.20835047307959687
0.17431613982587207	0.07991927293916234	0.9501857613620481
0.17497972510417376	0.14217928608773311	0.8560062448460263
0.17533892342640217	0.7594108251978908	0.5802060626647049
0.17614003484692958	0.4244616016342583	0.9954893802978688
0.1765047625546694	0.36231412702380483	0.5307629833873916
0.1782225511796992	0.11559748557929894	0.9587879569937944
0.17823110892241073	0.10274723768663496	0.873866918340733
0.178305652034076	0.4390000911686648	0.8447100753939663
0.1785570388942368	0.5716661746847773	0.0030477137016762246
0.17864904038882817	0.1412031571670287	0.06430710138735019
0.17913473414738862	0.8222104347053624	0.8268442450500111
0.179285266100154	0.731657219087691	0.25310463936637406
0.17944926081588408	0.9581442655912094	0.97040887236549
0.17949798665895922	0.9208622910883109	0.1367893385974458
0.1795218265106382	0.7673015551595647	0.29967496986674813
0.17972513720736938	0.45759147015582	0.4625018446408399
0.179930501327982	0.734690648846027	0.6553515974669292
0.1801351327752837	0.7699567760094579	0.8378263303494518
0.18063023660028082	0.8510122586609368	0.28791695274128437
0.18082132573235898	0.5589643474555311	0.2938028086868799
0.1815816465283125	0.7088723616957339	0.741640881923509
0.1816350256881657	0.8947493045245075	0.4142332533818871
0.18216877398895204	0.2952789996396161	0.4109009360172271
0.182508955700263	0.9224429802218408	0.34045714059975574
0.18272898505054141	0.8437740760044309	0.9190983902004649
0.18286062718322316	0.9827328792418708	0.908862989119679
0.1833701064811603	0.23398264580472683	0.17450148667631982
0.18367355765808996	0.2586364230909445	0.5402610558061397
0.18373482147225556	0.754562987162927	0.9708315097077663
0.18434385242416307	0.5669647516958284	0.5350279769069548
0.18448972840555428	0.671751936124793	0.6764544584890322
0.18538575986475525	0.189868451342587	0.947337267644607
0.18606715909320132	0.08547393561312389	0.7407804111492988
0.18638335758519198	0.4307037115948963	0.5505074130316192
0.18644040245076038	0.8642183033970745	0.5913075331829997
0.18713074281321906	0.4068367839334033	0.12600636499977425
0.1878977191105478	0.6537502598943986	0.8104339346890824
0.18837422426099037	0.9995188340777207	0.8162817069925234
0.18870339533867458	0.6012356785830212	0.3427134407357
0.18878545011714348	0.5510054447505881	0.03329538399772125
0.18891106760428678	0.5961424292987724	0.47641063898167224
0.1892970848092539	0.2943287787212243	0.528938745527535
0.19109166911945996	0.3184523042443633	0.9272533124527743
0.19292350906872002	0.40862241433480007	0.7322428491193349
0.1932002375436072	0.6699041785108829	0.008455725797268387
0.19320397968292263	0.6258845141327956	0.489543336418618
0.19592239234256914	0.45984946664650295	0.6488327659709812
0.1960687163556788	0.39432313669742536	0.08446668440326399
0.19658717023829075	0.908183915516872	0.5586985162320427
0.19704441684992818	0.9197884629174644	0.6502406098124465
0.19836733305317467	0.4209532797371609	0.7989158902574693
0.19873635787031768	0.7911326761192066	0.08580976623678505
0.198742938332569	0.3804199118380722	0.7644415963131403
0.19965764680340048	0.767088025799879	0.819072548340771
0.20074649946610967	0.6403698483727392	0.6431627301079329
0.20075306618365601	0.371905100482407	0.006214922398875444
0.20086044946640197	0.7841816257032893	0.924267098729359
0.20126539808040483	0.8359460630158361	0.8253092689901569
0.2020535252643234	0.7626858466596869	0.34601744035088244
0.20208418381521287	0.4277987866881805	0.07643438201225228
0.2031797141724742	0.8749322250404067	0.8242516037641365
0.20334719670388285	0.8611782048352072	0.4141970229868851
0.2042522994977241	0.3295808065331701	0.5709989804545719
0.20520043969881813	0.8750802328616561	0.9215845027961966
0.20540537345396093	0.9646247628857194	0.3278881523379872
0.20602950150820487	0.9260311156897038	0.8580990678107885
0.20919859428048537	0.6793213029916249	0.8798510092711571
0.2092450658927189	0.17910851846263243	0.2674523043326179
0.21070791442152859	0.1147016217318173	0.615716457253395
0.21076916109073152	0.46198577915584416	0.8793812042133751
0.2111954042390004	0.3689269965270414	0.575627597559938
0.21168340013040876	0.8803572595270371	0.024937909185473783
0.21174563163773785	0.8822843108281189	0.6011464376092797
0.2121145771089365	0.4439795099555217	0.31725977874043065
0.21261591532950858	0.31852019825648736	0.6194310494016846
0.21281247047948926	0.2158772466635902	0.5737560389287713
0.21295286888095138	0.1623151214933234	0.388804796186096
0.21410304323088286	0.7480444785158172	0.32319048318266874
0.21418327535956433	0.007232310206221282	0.8482564868442412
0.2156363640202122	0.5570266311511622	0.7008688104397112
0.2162278772788787	0.1815825790505483	0.8950812072921621
0.21663495175186454	0.3528713091683441	0.2231909012156843
0.2167338119825506	0.23787699452704159	0.4955248881042994
0.21721274538485347	0.7513914885813148	0.24364820362151918
0.21770683527388773	0.4104281773362841	0.11429314099266041
0.21774863283322304	0.9125688398038271	0.8810704084730359
0.2178211149761239	0.2501242539834948	0.5718498235228002
0.21791025030730643	0.20787387112449296	0.6861685865380469
0.21907834824071298	0.4842830955964915	0.2844192963991109
0.21994036926263855	0.16556500107995675	0.5163966175867469
0.22013948649550313	0.7167695183346459	0.11937469105198395
0.22032802744519753	0.19236139348581294	0.24644142418416748
0.220875331018884	0.4401025332978866	0.9354894281040552
0.2212738748114263	0.19390921399641947	0.6528560471563744
0.22154484362983895	0.01272378316253775	0.4474837768292548
0.22211821122156028	0.6790015395998193	0.6755046336249325
0.22286703813563485	0.45762727032160966	0.5210673783701355
0.2231212969519195	0.7370395218249096	0.41855658410558694
0.2232198632173002	0.3291062340073969	0.8745057838082604
0.22340590761016105	0.19687737308888087	0.5933533653535933
0.22441458021089472	0.7464213335674403	0.6809424796160914
0.2245981161998442	0.5635780805132654	0.37290692201039866
0.2251842741247858	0.7261274958729673	0.7970943595561478
0.22621820165485362	0.7416263196331101	0.35731647434877123
0.22643994924449862	0.1474779165650928	0.06961707149783392
0.22646641038628196	0.15563548615901268	0.3468669006984727
0.22665991039900035	0.7254632258106957	0.19507194285719553
0.22718917050053128	0.5119100818292475	0.7320160865357601
0.22723677009550658	0.2467871985440998	0.785711900416289
0.22884366437847165	0.13131519530287283	0.773530461635274
0.22922325731703191	0.38001012200222384	0.7617042266833292
0.22969443521008392	0.10764325499468497	0.9915785406426498
0.22986081213056625	0.8150664163551523	0.7839870995146212
0.2304137707056534	0.8085128800125705	0.6527601065360326
0.2307446864488923	0.2729573414392966	0.9844282392549316
0.2319713553922068	0.63236772687845	0.7774210573960073
0.23212508213958272	0.5483301792101619	0.11403183229572078
0.2328647669716976	0.5598726195228496	0.037240192693592356
0.23315821679911675	0.454219595522077	0.9534409935588104
0.23410844024208305	0.2444559850159912	0.5970794154240402
0.23450231117008696	0.7092943903901344	0.6414957142139169
0.23460674357383593	0.593474976711292	0.29245572322917746
0.23464124191427355	0.7925754256324272	0.2857450341721375
0.23486119440645098	0.8912201330324941	0.6353268920433041
0.23548427607383948	0.8192570383754406	0.005828272277094704
0.23600389420146622	0.11032172807868912	0.931970007555531
0.23681009613916948	0.7597198974060718	0.3105879896963154
0.2369432449829676	0.9029536140427828	0.9414677029693341
0.23784240309234939	0.2174422730514839	0.7576653912181567
0.2379744986376186	0.5965786757832184	0.5075884005736122
0.2382871062951818	0.28934063385982356	0.460762364134635
0.23889130481622933	0.5260469367502927	0.3202123251905292
0.2392853713491634	0.9420063217361087	0.15157732831941906
0.23948102525895693	0.9762699912350027	0.5155901621319549
0.2396127575987415	0.7689825888120347	0.630763228357858
0.2403511967394788	0.9346938805839213	0.1484021774855484
0.24113127631030462	0.9873518141141308	0.028084007832763103
0.24177461787718335	0.03432720022998492	0.6464476772367769
0.24185419349256088	0.2952110716541375	0.1461952591205241
0.24358796005920685	0.052894320917346804	0.8925997039081988
0.24410420293868434	0.7678260906294828	0.46116115555876713
0.24422173082616616	0.12270837330501472	0.2624646298653879
0.24445275103285757	0.20439141908888703	0.8059649301112023
0.2460892600970671	0.01751765451835552	0.6510717018060821
0.246337560575423	0.0990715212748905	0.12257553169786439
0.24765726335030702	0.6799712308534346	0.305223889431942
0.24767748375254645	0.08615834802935929	0.25092384787302047
0.2481087723766916	0.637041604044686	0.8724377658187915
0.24837026231804932	0.5018057969349198	0.10288404796447026
0.2485466651057331	0.3604133862854876	0.010298680306310315
0.24857180999324707	0.3750139528161853	0.9602634243656801
0.24878019298248444	0.39936356443064436	0.42945872315557687
0.24899591607639643	0.42659479230793873	0.16886303691861726
0.24940785142220206	0.9918619997639456	0.7950951944750592
0.24948843146246352	0.6648087016777822	0.8510005277738732
0.25002624630015585	0.48065680755815454	0.7542720005678117
0.25052296869712304	0.5774493561170487	0.6154843524572082
0.2507414447484643	0.08831813977398606	0.9884872285683535
0.25102115415216014	0.7954912401929581	0.025895838745420896
0.2514661347739436	0.35650358448364217	0.45448765802434865
0.25207670099281687	0.06975525368885749	0.5647123818200254
0.2522102761914405	0.29377083393040915	0.37838260161478343
0.2524847663963712	0.4858672105573175	0.7076459570584861
0.25375144379848347	0.6917901520327467	0.7870198951787466
0.2539621482223408	0.2609474550712084	0.40311728998382934
0.25479222389291206	0.14972209292825034	0.6656376491023013
0.254795325020055	0.5232709290957208	0.5986252869212239
0.2549739104154004	0.07792111484058928	0.6027247276692878
0.25518899746815876	0.3449231946726332	0.6156928429814083
0.2561843911748434	0.7455012542382005	0.2233591570691823
0.2563625573915106	0.692467219398531	0.7439143204514679
0.2568743138750511	0.08847956486440767	0.5882489221586266
0.2570462818522308	0.05418640379970485	0.800799376730107
0.25764087845784894	0.29867586726483897	0.803201770189953
0.2579900163275176	0.28124061905510156	0.1851166626625912
0.2583219224716645	0.8217439507721431	0.3482663612487108
0.2599621912945292	0.1888492055842299	0.43499424148041876
0.26029085716712896	0.4511030106586448	0.20100031260811935
0.2612180580225515	0.6732837438083303	0.7025813252836702
0.2616625538980377	0.9037792065792002	0.13993338361007046
0.26209788081927027	0.20184206326693188	0.8088985484183626
0.26267492580090573	0.4016404846473808	0.8774937663677725
0.2627062842535342	0.4226014521329269	0.5892119719705563
0.26275730590237617	0.8958572757883815	0.6903722612773239
0.2629537212523932	0.5879854780524341	0.21069596637591026
0.26360266380331654	0.1570882907605231	0.8608530475669915
0.2638331623079281	0.13131989355062745	0.029386731710460356
0.2638543003278461	0.9422851736698844	0.6366208113352854
0.26387120077548204	0.6286217049470492	0.5348021746009024
0.2647220507894327	0.23676380936526986	0.12766557584205585
0.2651017432614613	0.13315915926271926	0.021795651886366896
0.26537799982485144	0.359790393762347	0.11064117850498145
0.2655193062088296	0.19563868411898333	0.5011382994278687
0.2658755730551367	0.2892865086933184	0.0352048386385565
0.26588872792165763	0.9726810303969093	0.9693366931021132
0.26595927572307276	0.4177145259553562	0.2868284687747036
0.26617082924250374	0.6609083401207235	0.9453052232285033
0.2663428521860338	0.15744085995531432	0.9302321108482918
0.26674081620680595	0.607133600015676	0.4218477884038878
0.2668574566084836	0.20981122025644638	0.5647850980526625
0.26699667789094667	0.47597566989908346	0.47868268157409266
0.26734749028260146	0.6525176603778335	0.6381604042849446
0.267587344893278	0.9922479914120897	0.7176434431849957
0.26791047672733026	0.02214749138521388	0.7332262930444207
0.2684402139867763	0.08677062690870829	0.14032355976965394
0.2685785154340461	0.5199057305076056	0.8221460243323521
0.269723520091075	0.18621785849949835	0.05610347058955312
0.2703400786536815	0.40420241507147125	0.5322455360469299
0.2707186002272275	0.5558440359781255	0.13540090941057237
0.27116111996322356	0.15404417660481873	0.4657010492480377
0.2712845593297853	0.7717151797061642	0.2799283692769984
0.2728027984438929	0.4829301921136334	0.8875799906002881
0.2732842853999249	0.3629416178585295	0.32410588925136263
0.27336948878544337	0.33134911728260885	0.4203421049860807
0.2734120164146034	0.2418208910748617	0.17078891684634168
0.2735434072999604	0.29835528591031824	0.4663266311108484
0.2739055979258061	0.5147409882060574	0.1943226862998818
0.27397500595017543	0.6038425052322413	0.8139990166293025
0.2741544283238151	0.2962638299312136	0.26563850484388185
0.2749680473651916	0.061581999322793624	0.9575298485364476
0.2750164414124239	0.8766112029301503	0.39958416532782226
0.27542614121743536	0.774996793260815	0.08964704543064306
0.2754429306912181	0.9284411395611533	0.6260381912838109
0.27589186602132915	0.808417263078299	0.149517403351918
0.27659777147720144	0.1652704417022084	0.9956931179625341
0.27726188836120713	0.38381002291402777	0.9071141639748883
0.2773698560511673	0.7270605282082793	0.3278033384774113
0.27879015312527566	0.4298939533961311	0.5650174704402088
0.2795630564512945	0.4847713818579542	0.31559775145694535
0.280131825247881	0.7371646426797807	0.03982830971884832
0.28027709919832755	0.81210161236751	0.7974552389071314
0.28140234139806136	0.9167198128115871	0.0809721308377912
0.28169084513662074	0.7853103315613967	0.05273933821158794
0.2818600422859033	0.6347958487968317	0.2973779971451165
0.2820808999618268	0.4165449650863521	0.8133730281529145
0.28224989719878535	0.9645996389613268	0.41119688472604987
0.28421462891094124	0.019484956478859727	0.26794067409751565
0.2850563867687324	0.2707284964555109	0.38508598567685515
0.28530373434766915	0.020017828621619826	0.36738263420729944
0.2864124539180052	0.8592250197225838	0.1795838364013368
0.28670577292920124	0.44174135533504333	0.7434548150292103
0.28679712765886267	0.3613017694939251	0.20107926371777984
0.2877002614174916	0.7345428514050675	0.5335380509680037
0.28787700599964106	0.7470345543810882	0.9215160489192215
0.288113333869407	0.036164008983357254	0.5363380883838831
0.2887526971629553	0.8721272244832646	0.7322570841163902
0.29001068936181185	0.3902243883179697	0.5207535433477197
0.290441102578523	0.019409741305195127	0.41794257862599915
0.29075836078556977	0.22835450865166795	0.6791389154997856
0.2919866713251294	0.6438204088956259	0.9768990689455874
0.29210670626585544	0.6489339777800011	0.061554143625181856
0.29211977433827585	0.41037092973724243	0.164370968923094
0.2926839791727247	0.17212937716776644	0.9269424852837314
0.2934746786665449	0.9981957392427712	0.4629595894469415
0.293703325568513	0.5701871655625758	0.785798662451324
0.29421300965748365	0.6812323847670917	0.6195853821609768
0.29469870757342514	0.5763593380863086	0.23264876473598506
0.2950572890136039	0.6273894380547143	0.8183239167255216
0.2955642122275499	0.09762302849249294	0.13202035591141292
0.29710644760606814	0.9297430879012463	0.5288437794106904
0.29729597667652063	0.5589208060796786	0.2641375302702649
0.29919556271805775	0.49023801440910475	0.29450184470721796
0.2992040819070511	0.5536323966307766	0.007046560661512213
0.2993594844481172	0.9485179945667109	0.5091890499181242
0.2996261084399941	0.3604458422074833	0.5400302289331775
0.30032451159450707	0.4115163806399116	0.5537549873606118
0.3004570849096276	0.24276611111193913	0.30284932234829665
0.30050883099980386	0.7000135218719332	0.9968655788091071
0.3027362535835255	0.6545073453246395	0.4279589663602257
0.3035243676920262	0.6757008990371282	0.33587438701844075
0.30411940838177404	0.7407030065580421	0.6011903352743984
0.3050057190814922	0.19562679270168937	0.31412051304235467
0.3060142134805343	0.8094880188993356	0.6091345062638965
0.30847901163630537	0.3669781698933522	0.5695243576772926
0.3101729263745801	0.278120328035837	0.9896256318874114
0.31019338709939315	0.4402733322037473	0.4374107209823589
0.3107116784977864	0.8247070399540686	0.19634170037046927
0.3117194622278882	0.8765750422610794	0.17116472758646495
0.3119526427515592	0.16492442096537563	0.0930638453346807
0.3123672791278101	0.4633496372964728	0.2315307394128705
0.3128859795219519	0.5361386997881908	0.3050806960846417
0.3132521375440372	0.5564020614746831	0.5080959970242563
0.31474145179073837	0.22063867773374124	0.8341909401167701
0.3160099439799316	0.690831539892468	0.7260406816647202
0.3162821766448791	0.08972950619516662	0.5629802811104916
0.31729485669554464	0.7519765174184819	0.8938484897346827
0.3175916208474256	0.09610029420741217	0.8683884924077407
0.31801963210349193	0.9488557248104953	0.6509855880782918
0.31991201057354707	0.10500803557509852	0.12420152591908362
0.3215624739906516	0.6800477214595919	0.01661726418603915
0.322110419045258	0.35913116165937786	0.352243274747127
0.32264788530828187	0.09448933148697958	0.22838231388916452
0.3229168781150694	0.1515098325967602	0.7246501565563035
0.3230042522993594	0.5651675082834516	0.8467601854314356
0.3235644397033134	0.772971888043364	0.5250313005897497
0.32364081096860675	0.14574730909269618	0.7934836422348
0.32386467246016937	0.06552862248704971	0.02703001264162741
0.3242929244810571	0.4050839342859732	0.5225549927212332
0.324309124796612	0.8031469928901034	0.03390773082196097
0.3243283745104658	0.038713479870802536	0.12457108233960312
0.3243777027788999	0.15406259799052824	0.8347700809137102
0.3244494595507052	0.9444982658494939	0.7136884954878442
0.3244744390903709	0.755950775644773	0.14088857276917532
0.32448874384242543	0.19142856006217812	0.610173812160768
0.3247830564865666	0.08600883075189403	0.9776681707451103
0.32481765217222447	0.8121270299160641	0.10546313484632075
0.32523958897156263	0.10142342366272084	0.4133761240720122
0.32528364123173936	0.04023751484051952	0.5153862070620162
0.32572993558586405	0.2893886895594233	0.4540607509799438
0.3257788252221047	0.016795466238043066	0.5337849311593971
0.32579828667331845	0.832952475750377	0.799846631876068
0.3261489419685305	0.9171530011911595	0.2899108669047138
0.3276739390966868	0.6383371326597213	0.26009333306488447
0.3282101576509495	0.617894274426548	0.7292894177284626
0.3287278845058043	0.2562140339512812	0.27171143395414343
0.3290010461160055	0.13770771720956676	0.7487765482472608
0.3295785479011775	0.9176686902700866	0.5632335914131016
0.3298407153513939	0.4016363546152003	0.9968744544336209
0.3305514182236576	0.4632758636058889	0.7364966389880625
0.33198057067759196	0.6648113679456586	0.41354694734941233
0.33272826224989144	0.9906665891288542	0.23684280784887846
0.33278055854592237	0.29063226687888233	0.6802427845124193
0.33304025772756646	0.27113101080983215	0.6197465156331835
0.3342288023308172	0.04365766987635156	0.6882533829051075
0.33433154070417687	0.19071708701158796	0.8452292291002087
0.3343512585866231	0.1492837159557353	0.22346974177257217
0.3350528486209009	0.4633301853285674	0.09679612464480047
0.3354121278963972	0.6676407085325288	0.9628486170469461
0.33543532322345554	0.5656319176448189	0.6805612286091847
0.33548167775119103	0.9342659858674159	0.9716510782970886
0.33554784424815787	0.6216935435083765	0.037028846507879964
0.33728870843906206	0.6415177215968567	0.9594897996560988
0.3375430441682445	0.1935522611542274	0.7755001917081591
0.3380260989146183	0.8935186237859251	0.7416760756319691
0.3385133784468028	0.9125115796772912	0.42781719245948846
0.3390059205835571	0.7102480238342193	0.39004854569345715
0.3393276616416433	0.04435901850312518	0.03091459498457627
0.3394991631879986	0.9270513500029581	0.5025748199413317
0.3412642424303015	0.7226304945738159	0.8253456487271084
0.34231633854881405	0.6897974664112521	0.6821113819858252
0.3427786691355473	0.6532871592389681	0.6811510465229744
0.3441285887802914	0.41712447459550006	0.6140169723497084
0.34435924474307805	0.05067784102585848	0.3366673942119146
0.3450756055060009	0.661963912440865	0.6665104787735353
0.34539706479957705	0.15188050199338043	0.623522532959522
0.345683124296282	0.6005654297245004	0.526757716161683
0.3465514314847169	0.30880505134049374	0.6240840338748689
0.34674321691751925	0.9001121303674582	0.02267799405872073
0.34699702326807436	0.7086779645252921	0.14867934455053056
0.34714472011634967	0.7157986275091319	0.9475760748835745
0.347580238963256	0.8361224776711546	0.6234169264174179
0.347929636192812	0.7222454792349456	0.23015952816358276
0.348140358552473	0.19636905731586263	0.7577410427070058
0.3485422214180065	0.08775090876242653	0.3379439808653599
0.34892499454720244	0.24216962185443192	0.1839684727737102
0.3491154216292321	0.6215892773690874	0.6874310669434947
0.349256357348196	0.5478244506345997	0.9810139599165624
0.349592518601659	0.9672786791164578	0.9727811596279357
0.3497307873879474	0.6624363232915607	0.9054143585709907
0.3500736604682204	0.3558559222531881	0.34804876698302
0.3502773470761327	0.6668363286634607	0.7066177280316305
0.3502955560714723	0.49294249359882003	0.5522416752536586
0.35078073642907776	0.14216052890768271	0.6735018393231962
0.35112932814096415	0.7859491695500962	0.7737663990192389
0.35144891068042733	0.04115081197485204	0.8402689309833979
0.35182576299486523	0.5309933346294947	0.532874132743687
0.3520914234916596	0.3561011239169831	0.018065550045480494
0.35237630983984847	0.5876611569881872	0.0025996374269097178
0.352941105350068	0.42720990256275015	0.4098083343924894
0.3530191884872049	0.6263765233899397	0.6798900699275588
0.35305556157010715	0.07784882361635737	0.13169871688863566
0.3531178602422859	0.6605698221567867	0.6714561918066676
0.3531556390211591	0.8226030089996363	0.3512244552686026
0.3535541190178176	0.22310634656431627	0.3572797050926857
0.35384848063145213	0.672847047831955	0.19795601467017954
0.35385072466678286	0.8362085664630465	0.46169570935477455
0.3539378822363227	0.978540064447393	0.15883567548679522
0.354120244750164	0.08051029084187811	0.6596118246844156
0.3543657530514343	0.5443281794627106	0.06391932548085622
0.35441591103274084	0.20550109287819907	0.9596631210615592
0.35479245902919115	0.5077489546864209	0.8035151495912737
0.35481960549206926	0.8548872433098151	0.8401381584320099
0.3553129194696604	0.43472701040462447	0.8355338588599435
0.3557944460376511	0.7021059801249285	0.3564962660322909
0.35585892717821466	0.6756239184690769	0.6271646289771452
0.35602892416590737	0.04388493638448654	0.9932315606856738
0.3566105594367751	0.2385110455250241	0.7912742102286484
0.35704263648136936	0.7827343306202849	0.46494459531723853
0.3570610535858587	0.04033755736432576	0.10034700681721609
0.3573909070367117	0.39170163444239625	0.8114111202065031
0.3582489742229862	0.20027899833555884	0.027550590571184586
0.35989251567177005	0.48027215157028935	0.549917184251527
0.3616622960548584	0.6896985376562981	0.7583809290702574
0.3618590503488952	0.9671013964871358	0.25486929048945417
0.36260808422858837	0.8513473503050369	0.3742553847923583
0.3640767649119714	0.8249928488143605	0.2805120692559989
0.36460767848902725	0.20435490484052632	0.3698772233940275
0.36468100527756536	0.09341377644032478	0.9617013399945034
0.3647732774289647	0.46868836146041193	0.24527130479909187
0.36623657950322425	0.5450505263892563	0.5879015374268022
0.36654505483989114	0.4042059251414194	0.15606381167565098
0.3669646629338261	0.027072757310195095	0.16482695466455122
0.3674104513722924	0.41104665754602354	0.21761380722214696
0.3674465131383892	0.933484193159731	0.8986976075225642
0.36817886478640416	0.4237453149526207	0.7176492307270763
0.3682397176218469	0.9173671271531453	0.8714170279043635
0.3688091563835744	0.34656867456104135	0.9705904145260058
0.3696792030207555	0.9781539673832669	0.9290613441526497
0.37009562545387753	0.07551614793959727	0.636077357813383
0.37062250711192846	0.2005672356289191	0.7010878757657204
0.37118332258493486	0.4321922659534869	0.24510223876228243
0.3718263127870047	0.2198298368743018	0.41128169193536435
0.37219575937938937	0.4731111207957749	0.8510925776656606
0.37222736958347	0.6936756251430981	0.7728129601593395
0.37230348501287475	0.5744788894024955	0.8028450039718512
0.37405056474626497	0.7683055243545142	0.41964178588535583
0.3741027408545572	0.31064999719261377	0.0652052715952195
0.3748050399978248	0.9729370837221873	0.5121196731462009
0.37546791074988944	0.6016212102009856	0.33821782460566385
0.3758102307770403	0.8876904316774946	0.10908437384139236
0.3759973950526964	0.6902596245123152	0.3797386414676355
0.37817576740679154	0.2777996601195136	0.8000429285247441
0.3782432469398217	0.001106849072569971	0.664066333604884
0.37860721225486593	0.553966021255792	0.5014564956848919
0.3786975376909098	0.8155133069938378	0.2354427434042652
0.3791162204072825	0.5658225731767588	0.7635820023761978
0.379308456851164	0.5669159357113355	0.6607025525422096
0.3796141849098323	0.27136148632485146	0.21130125509153408
0.37986258987397853	0.20494728261458184	0.05749823486751693
0.3798758112295386	0.5526030828784066	0.5859422327678124
0.38125618311358384	0.8781948451443939	0.46443108123286647
0.38258741267401114	0.44902145878053434	0.12679343884448413
0.3826407465002004	0.7122349365744644	0.10258184077816057
0.3826587241278878	0.506354410100283	0.07681818861243583
0.38295404699257785	0.5625403491280289	0.8380562502218633
0.38343453014320106	0.5951602254411159	0.009983293767387713
0.3837710302435855	0.5422593282391649	0.9216534246227281
0.383914490445604	0.3515330112709225	0.36740088786734637
0.3847250554866467	0.2611343582612027	0.24220017277547312
0.38478521052633496	0.9178888431611163	0.6150835712968242
0.38662931195674577	0.8137653440107064	0.6268770340366188
0.3867223595556802	0.08022128575170817	0.7383834543273956
0.3873412345425436	0.7360440992074581	0.9728295126741411
0.38870606387837525	0.18679045327566002	0.8301749843219043
0.3888159090451615	0.42208194826383394	0.75754091500708
0.3889822865927124	0.26206034271682255	0.6541062098371517
0.3899180390476584	0.10966792682487758	0.44123717049883926
0.39039257460346477	0.49805312732405527	0.5870795941006204
0.39174130889911174	0.339328122553726	0.43213523538261966
0.3938267666998978	0.18919606273178968	0.7363184208745609
0.39415099636678147	0.7889535160827978	0.11457239190024415
0.3952503701591443	0.6135780173692021	0.22235994098032097
0.3953786446560067	0.43144870590099516	0.42629037514389023
0.39642047161019733	0.3613075654754664	0.8848756301413744
0.3966147846417088	0.36831069136952443	0.5525273451232856
0.3969495832648999	0.21796369118700143	0.4558846177919389
0.3976420108166537	0.8261735482761472	0.41753076868892236
0.39827225721547527	0.31229584659470755	0.17235926735607188
0.3983702583145337	0.14149774017752936	0.09298114903276233
0.398827337512179	0.22756036663293489	0.8476067467902368
0.40006084684848475	0.6235046435397111	0.992806592379991
0.4000628081685561	0.9824626233187965	0.4748537333898476
0.40046814720265683	0.12714099630193898	0.3128522381465153
0.40094744150492856	0.11663422258945655	0.8790949692262432
0.4017713783270657	0.5148551200000683	0.9270103613919911
0.40243825223059093	0.2717352859024993	0.8072798260719284
0.4026604251603146	0.6119483039265567	0.9226641040233515
0.4030668319238741	0.9106587218710488	0.07684206542116478
0.4038867373188853	0.24669566639672835	0.9511837075022156
0.40491899908816725	0.7715300712637824	0.8876345130897618
0.40504365247201635	0.309419743723199	0.8635101123469262
0.40554280909408574	0.9110323591234539	0.24556041500558623
0.4059059247008241	0.3191982920287617	0.7184373111228728
0.40593849455591113	0.7734134939336841	0.5477361168848709
0.40602729603547644	0.637625792940235	0.21692120917519597
0.40620464138342083	0.10111226366270365	0.7597813036245707
0.4086861187158073	0.49657698063293376	0.2823741336444665
0.4091282950942976	0.11566959560348045	0.019494078733860998
0.4098650173526474	0.8496301092528636	0.11171540020910531
0.41028084947421795	0.4988896389741728	0.9125313552117398
0.41034959491398537	0.8468945107715596	0.7007042440367562
0.4104571681873036	0.013799443786924326	0.9296605061894209
0.4106216234108264	0.8794430096651646	0.802882369058997
0.4106525561074019	0.305514363167095	0.6645610071281587
0.41098337464338947	0.3568670239935744	0.22568669149027631
0.4110907914173816	0.9591279461576337	0.83245696501249
0.41147277993995046	0.07643900095872347	0.22164815620775546
0.41151699776306133	0.6205385116099728	0.6529768083672723
0.41157834996210485	0.6336795748020929	0.9801492245794909
0.4117825868362161	0.9585263758039153	0.4719082589450896
0.41192187124620583	0.6670485630858848	0.7021921238548945
0.4122677848292351	0.35263263601983186	0.8039170541638773
0.4129470193732315	0.4841017069397511	0.8893917092050612
0.4137380421547268	0.12269935443170688	0.9601746407931433
0.41392061186945406	0.9295496198029897	0.3078926304371301
0.4145164290197391	0.06359534105706233	0.39124660851953785
0.41479983758350647	0.09227517114103412	0.9872044931489689
0.4159535062820565	0.6041735138870348	0.9544236434027592
0.4167964551131228	0.617116635464134	0.20810155624874926
0.41690954346478165	0.305535531266233	0.5073764360617565
0.4173171714117625	0.8752212058886292	0.5175101254316548
0.41749238968853064	0.7011797353924727	0.2505563395579967
0.41862435880355314	0.9578553136368424	0.13476398138870516
0.4197531209062869	0.7591072771162639	0.3439407762030452
0.41985827144011806	0.8557590247936944	0.4429154847454281
0.4199135938813172	0.2909719346981302	0.6412169382395756
0.42021107271541736	0.2445915342244389	0.6123821625104359
0.4205281964329853	0.4572260904966441	0.991281591775156
0.4207666195867348	0.27974305409866174	0.9223319757228039
0.4219544873406309	0.9016023213691835	0.9982311381296167
0.4219769263666995	0.7375561082792612	0.8756134743224703
0.42264605684649653	0.4980710265821936	0.9195812994140817
0.4232876408333193	0.15402529319925484	0.920946834248812
0.4236250032885479	0.12784812728485007	0.18599296043215752
0.4236406120559611	0.5998299742291092	0.5903382665502611
0.4237809043347384	0.8460185888342479	0.620171142221692
0.42395042866329113	0.14514627047594586	0.6957936564700683
0.42480261909589023	0.09182101476597948	0.6498278714209798
0.4251233070416262	0.032831088192791125	0.8765063334456488
0.42545377438085175	0.4499728005091096	0.27446997681848884
0.4259568153661878	0.2906606106524259	0.7774060565613149
0.42642890250205806	0.6783590680192297	0.8090877829790635
0.4265877995625922	0.4010828366850272	0.44712931004382905
0.4270932952853864	0.7707773327620163	0.5720913487448535
0.4276291876635262	0.9963076677892793	0.2925669208477474
0.42767879509862183	0.3929176454296782	0.5880243800807923
0.4282981124264648	0.7232074635549878	0.10498465011516178
0.42831394733230443	0.14795188507946977	0.7218076355943515
0.428409660566473	0.9492331915204231	0.5745179795075384
0.4286534764856471	0.14459482470195906	0.04487430664731551
0.4289326314300438	0.6717488911976149	0.30521608571324876
0.4292531198139069	0.5042953217490856	0.5466021406350211
0.4296714090212303	0.08507155814307255	0.879140815338529
0.4301569313944081	0.14182511514134954	0.1405170071463363
0.43084034472030913	0.7761752617252428	0.08747003117768326
0.431490561528938	0.4711271746921627	0.18130715954254895
0.43241436303401265	0.3520204099996238	0.4881416432301824
0.43247686831367055	0.27268033623418575	0.8482222866310863
0.4327312904360794	0.8326746445108067	0.757275117652874
0.4330403968409116	0.3766553292470023	0.35057585418119397
0.433140071761223	0.14144422805624823	0.9824009778655839
0.43321260751642154	0.03320480478143184	0.36207397903033245
0.43386175255972276	0.03476023141288587	0.5164285903994791
0.4348036123444424	0.42985140449194414	0.2411268347447697
0.43500257761765887	0.9635370854764773	0.9021307581630666
0.4353126623940122	0.907815149410001	0.7377063605610699
0.43545978326686124	0.8213831978123022	0.8233243332938737
0.4357010947482164	0.2691264926035285	0.1429579175724358
0.43583038956783116	0.8734264757545203	0.9650368621136205
0.4358795338566291	0.22720433649311766	0.422314883275307
0.43658513763421414	0.8534381478019539	0.9991312188119255
0.43703012012161596	0.692959300411992	0.7884414126223627
0.43719240549860783	0.6918372101840868	0.8234255388055034
0.4372327277948117	0.17110463910212614	0.21194111831108242
0.4380930735891665	0.6539129938127589	0.3069976147271477
0.4381445527137725	0.5169369348937093	0.837157171427513
0.4383889915463093	0.5002975966959072	0.3168555795210132
0.4391883295456825	0.6132017065260871	0.11794584667781394
0.43920875732608555	0.9326850783448267	0.873632241550779
0.4392318426186673	0.2777342243327766	0.9077664964400022
0.43935702075120453	0.9177211169532179	0.2353526443517444
0.43999174502251454	0.49917348154579855	0.529013004421038
0.44037981786942626	0.8393703409731567	0.07921622826771879
0.44053171340043606	0.07732235402652665	0.4175762514583199
0.440709261797754	0.05255024891604043	0.3262067118302897
0.44085565206743454	0.8731997127904181	0.6078213735519568
0.4409229562981813	0.707220755075346	0.21681039398712298
0.4419410553530381	0.30307657236799734	0.7062846518035456
0.4430435234399707	0.46327369746167135	0.263229398333754
0.4431629996234132	0.05722815546686544	0.5944513057089437
0.44325153931916067	0.9504317718660423	0.08109086746069505
0.4446870927634303	0.8550353657319847	0.6291679593596984
0.44558237006077994	0.047693920861200056	0.3584038137096788
0.44611670640149526	0.6549469698776663	0.9430869222281626
0.4467414621512684	0.08436362128890773	0.2634013837197001
0.4467843522121415	0.36228544233540283	0.005424544777147711
0.44748396130460755	0.31994234641910135	0.4020786834553056
0.44851040609489884	0.08497294906128983	0.45147593602944425
0.4497741431987227	0.7318511891936555	0.904362608043455
0.4506914164730791	0.8110448995829143	0.2794232531776868
0.45071638778616646	0.6448752449624717	0.996698112673174
0.4511491926451683	0.6258580784353329	0.7307281276356266
0.45190987820628625	0.10393762282386954	0.027201073466698755
0.452034750117969	0.25780725475108446	0.7251446444995324
0.452352256941103	0.9829650850566515	0.5494159161103191
0.4531633081911828	0.8719804621136338	0.8409393146926007
0.4534892711022584	0.687967305094748	0.9139843014075231
0.45391318740055997	0.23017009056232474	0.5832507393095853
0.45536967245836446	0.5758455400569801	0.5721345437092322
0.45548465884956274	0.5685687256107503	0.08233827289099793
0.45584428769099	0.35676815587418265	0.1376093184204089
0.4558851614723452	0.02771074770610049	0.21114111381923983
0.4561000131247873	0.6479001442138215	0.5820539214016435
0.4562228785016342	0.45202461162337404	0.16871227402477762
0.4566519036648062	0.9945845649090249	0.2337698350987948
0.4575029656863392	0.604195619268864	0.02326599039548194
0.45800130444442844	0.2819767940237523	0.9554897380846874
0.45827955516019125	0.05765353396627548	0.9526523112883613
0.45831483898531666	0.9729819674751813	0.15739032101009387
0.45892114952033297	0.4808574262643923	0.6056054372939859
0.459127216631522	0.2818124384904138	0.1683577984898912
0.4617159686526813	0.37737185460407374	0.33241015541179064
0.4619209323868543	0.3377499913325521	0.9938466009554613
0.46208500493569765	0.19137981425892636	0.9284650994896481
0.46271102807821385	0.2567518275726467	0.0050334657588496645
0.4628589765951835	0.4259031117393698	0.9155188129116709
0.46386316007614764	0.8280705150431625	0.8039656091615592
0.46387711087192196	0.41904182938329226	0.9152446752665466
0.4644144407043065	0.296641056531201	0.7918627668813104
0.4644293421307054	0.8134734542515819	0.2052292197041421
0.46471061463549745	0.22648321446784248	0.5361616159164109
0.46522932740613515	0.8892582589458101	0.7027691160402679
0.4655621683536722	0.25106007679448494	0.005673078708715806
0.46883070408023636	0.17899823732556053	0.641937417584292
0.4688792048006307	0.546617444328278	0.19734525534662728
0.4694812334907691	0.17781293158604428	0.46161082401290854
0.46991307739869487	0.16895842131034122	0.4135846835664232
0.4700356433220948	0.049330404395653504	0.7355189777375853
0.4719348512157609	0.17979492847178413	0.5064893331124565
0.4722658384793002	0.3541412762508024	0.674332981485517
0.47270441477539477	0.9446136569879039	0.33619294267806965
0.4733528570224172	0.7057047291341212	0.31774032465155144
0.47475836130698007	0.4559179966235941	0.9744107766838487
0.4759744491588571	0.9270728383561327	0.6566508413148084
0.4766097205273514	0.9433603837461697	0.26817867195294653
0.47682207823016026	0.5590831443732431	0.5815666651366496
0.4773616485603836	0.4027854230328999	0.525816178475298
0.47753517109182597	0.23142922747942707	0.5460801378483294
0.4785095815411063	0.7917157650181403	0.9650652505813507
0.47884081481346946	0.045941611992732945	0.459437028997457
0.47973453274051253	0.3429239389595662	0.7650044066544632
0.480458102394355	0.31547206017940543	0.4631308173534482
0.4816228704330455	0.08384036732606615	0.3139378352837101
0.48188787540661726	0.10922609594159727	0.22511568172662755
0.4825663046782657	0.6084317159056677	0.2618526090016864
0.48305605523368533	0.8044692089924014	0.6496643089616678
0.483265995898091	0.37416382616769395	0.841866030085821
0.48413262684265856	0.21089141732866923	0.9484991983067723
0.484514581271866	0.6075995026818609	0.26882984056336423
0.48499407811244666	0.5850881224839775	0.9506939073072814
0.48517421069215644	0.5186531302731562	0.45992578742074
0.48552342834124707	0.7141849501270261	0.8893660200979343
0.48558717329864703	0.6826881713416936	0.10212860960331938
0.4857190459849993	0.9055612118503188	0.2019244971103804
0.4875300737088961	0.6393345973306931	0.5248940522671105
0.48823369694048707	0.34985307188556103	0.868305749072337
0.4886505211707633	0.7184683007335493	0.8702942253050433
0.4915765293855638	0.8846061414604922	0.3204092405161564
0.4918571817842646	0.10948089171900832	0.2518216201615815
0.4923237393823879	0.6643580488488736	0.20367380505185972
0.4928340027595371	0.6514400634251993	0.914808956238634
0.4934317517556199	0.6915685526359464	0.026446933671334327
0.49441447426690505	0.6406073145423018	0.9132550899002466
0.49495877963130747	0.9593047191283525	0.31216206616178144
0.4951568149193751	0.5747141103103169	0.4399070794357991
0.49516870475579366	0.42001693859460343	0.396987025974455
0.49627439322537337	0.1034864123870356	0.9227734311042293
0.49772798278210145	0.23800306427548845	0.7560932831130688
0.4978302768178001	0.766278916290342	0.6137837997817439
0.4989180879675141	0.6266952456808298	0.7760186743613714
0.49897814268216184	0.13474140081872155	0.6003269843691585
0.4994551412311026	0.5487501976410415	0.8088392435957104
0.4995974571171922	0.9586861776820463	0.0771058673743702
0.49976846073111025	0.05939041673023038	0.5246554870854919
